Trait,Outcome,Beta,SE,CI_low,CI_high,p
EQ,Compensation,-0.2574352395875052,0.07101093910359732,-0.3975207228684533,-0.11734975630655711,0.00037202395054866097
EQ,Masking,-0.005856576175602238,0.08282315035650482,-0.16924437516830484,0.15753122281710039,0.9437026732729237
EQ,Assimilation,-0.44983680281034993,0.062261698143966156,-0.5726623869314894,-0.32701121868921046,1.2336090916098639e-11
SQ,Compensation,0.1298479540909069,0.09530106092543428,-0.058155406313183694,0.3178513144949975,0.17467798094863027
SQ,Masking,-0.07182970880684955,0.09648535795962974,-0.26216936872306784,0.11850995110936877,0.4575313673940693
SQ,Assimilation,-0.030989803051826526,0.08486049747521288,-0.19839673993142418,0.13641713382777113,0.7153858199058862
AQ-10,Compensation,0.12926430113823076,0.07381827914720156,-0.016359308968057873,0.2748879112445194,0.08156573626574738
AQ-10,Masking,0.06609534945152787,0.07518884550918169,-0.08223201945038092,0.21442271835343665,0.38049804654065433
AQ-10,Assimilation,0.025944855492215212,0.07069449385668757,-0.11351636642978026,0.16540607741421068,0.7140342305561103
