Omitted_ID,Beta,SE,CI_low,CI_high,t,df,p,Delta_beta,Deletion_DFBETA,Absolute_DFBETA,Percent_change,CI_excludes_zero,Above_DFBETA_threshold
1,-0.4313306624034217,0.1593252727006945,-0.7456813238236553,-0.11698000098318811,-2.707233165787273,183,0.0074273077175873526,-0.021371418666074005,0.13533859175585117,0.13533859175585117,-5.213059344934841,True,False
2,-0.40881148938801354,0.15797007372204083,-0.7204883270759879,-0.09713465170003927,-2.587904656595561,183,0.010431289902376576,0.0011477543493341735,-0.007268373697957969,0.007268373697957969,0.27996791555931244,True,False
3,-0.41755678893199233,0.1580689261287056,-0.7294286635961558,-0.10568491426782894,-2.641612106556617,183,0.008965274284909083,-0.007597545194644617,0.04811290647152567,0.04811290647152567,-1.853244026255499,True,False
4,-0.4195831694351126,0.15952811540261624,-0.7343340419231354,-0.10483229694708968,-2.6301518599161704,183,0.009261543258351681,-0.009623925697764879,0.060945348151645054,0.060945348151645054,-2.347532308341052,True,False
5,-0.4100214641258275,0.15897198105126936,-0.7236750769122284,-0.0963678513394266,-2.57920585385165,183,0.010687996107673445,-6.22203884798056e-05,0.00039402249737994604,0.00039402249737994604,-0.015177213206020279,True,False
6,-0.40476239231911143,0.15787507073399623,-0.7162517879797006,-0.09327299665852234,-2.563814479621648,183,0.011156110346564163,0.005196851418236281,-0.03291005447499854,0.03291005447499854,1.267650747635244,True,False
8,-0.4104577828509227,0.1583888642423289,-0.72296089922537,-0.0979546664764755,-2.591456064884322,183,0.010328085764327692,-0.0004985391135750028,0.0031570941836237937,0.0031570941836237937,-0.12160699415632797,True,False
9,-0.4169385735429527,0.15923335921806162,-0.7311078885667903,-0.10276925851911511,-2.618412219590102,183,0.0095741400363965,-0.006979329805605006,0.04419793940912678,0.04419793940912678,-1.7024447947505035,True,False
10,-0.39567669793026916,0.1574055805418031,-0.7062397838476233,-0.08511361201291506,-2.513739961241,183,0.0128087066763697,0.01428254580707855,-0.09044695003270656,0.09044695003270656,3.4838940761216444,True,False
11,-0.4078415785662485,0.15966621347081092,-0.7228649201882763,-0.09281823694422064,-2.5543386399703607,183,0.011453360652819966,0.0021176651710992367,-0.013410519280217439,0.013410519280217439,0.5165550486906402,True,False
12,-0.37730427110847675,0.16230198782112007,-0.6975280269292656,-0.05708051528768787,-2.324705175665007,183,0.02118514744511803,0.03265497262887096,-0.20679385297116226,0.20679385297116226,7.965419277090948,True,True
13,-0.428840021872572,0.15846065163912215,-0.7414847756362486,-0.1161952681088953,-2.7062871282973835,183,0.007447669361152718,-0.018880778135224263,0.11956613475231372,0.11956613475231372,-4.605525652525786,True,False
14,-0.4102446695824288,0.15782388925276342,-0.7216330835707114,-0.09885625559414618,-2.599382587292599,183,0.010101037947548696,-0.0002854258450810665,0.001807513695163203,0.001807513695163203,-0.06962298068437575,True,False
15,-0.41027023033215937,0.15821142332441454,-0.7224232536613295,-0.0981172070029892,-2.5931770393778395,183,0.010278404465659589,-0.00031098659481165747,0.0019693820262653154,0.0019693820262653154,-0.0758579296752972,True,False
16,-0.41581110295154566,0.15958410959173291,-0.730672452641874,-0.10094975326121736,-2.605592148336844,183,0.009926312027709506,-0.005851859214197952,0.03705801648349544,0.03705801648349544,-1.4274246290558374,True,False
17,-0.4023357628979486,0.15864235608393062,-0.715339021696265,-0.08933250409963223,-2.536118176945699,183,0.012044907662893806,0.007623480839399122,-0.048277148896991175,0.048277148896991175,1.8595704221474576,True,False
18,-0.4011361872637115,0.15793739755765623,-0.7127485544900141,-0.08952382003740883,-2.53984295972253,183,0.01192180413646863,0.008823056473636237,-0.055873690782158744,0.055873690782158744,2.1521789320328106,True,False
19,-0.4235006621970526,0.15984933772677154,-0.7388853101580406,-0.1081160142360647,-2.649373893065087,183,0.00876949306648055,-0.013541418459704913,0.08575361951157819,0.08575361951157819,-3.303113337866487,True,False
20,-0.40947426110017293,0.15796836580006107,-0.7211477290377311,-0.09780079316261486,-2.592128234196208,183,0.010308655913157308,0.0004849826371747801,-0.003071245206827036,0.003071245206827036,0.1183002077849227,True,False
21,-0.39687008063288587,0.1587951071106718,-0.7101747190270113,-0.08356544223876039,-2.499258874244081,183,0.01332571357013867,0.013089163104461843,-0.08288962607019738,0.08288962607019738,3.192796187527313,True,False
22,-0.41043205021696505,0.15824407881132133,-0.7226495032108967,-0.09821459722303338,-2.593664504226627,183,0.010264371300913833,-0.0004728064796173381,0.0029941373628149066,0.0029941373628149066,-0.11533011801540334,True,False
23,-0.41519383671104154,0.15774958209978485,-0.7264356418011177,-0.10395203162096528,-2.6319805807688907,183,0.009213684404156484,-0.00523459297369383,0.03314906008553429,0.03314906008553429,-1.2768569202082742,True,False
24,-0.3652420385574596,0.15736698569583302,-0.6757289763838521,-0.05475510073106721,-2.3209572004093553,183,0.021391280205537395,0.044717205179888087,-0.28318024511450324,0.28318024511450324,10.90771969726275,True,True
25,-0.40844550396066526,0.1579567386799473,-0.7200960314517002,-0.09679497646963031,-2.585806135110573,183,0.0104927069848226,0.0015137397766824545,-0.009586046338900102,0.009586046338900102,0.3692415282267122,True,False
26,-0.38617747049828793,0.15776011975079451,-0.6974400664993639,-0.07491487449721207,-2.44787764555651,183,0.015313395501747519,0.023781773239059778,-0.15060262259241972,0.15060262259241972,5.801009149654949,True,True
27,-0.4157950992430111,0.1593827724518426,-0.7302592083573771,-0.10133099012864516,-2.6087832006350835,183,0.009837581648022807,-0.005835855505663401,0.03695666994165938,0.03695666994165938,-1.4235208974583609,True,False
28,-0.3989581664440353,0.15994593334247004,-0.714533398705746,-0.08338293418232468,-2.4943314162905383,183,0.013505829240863066,0.0110010772933124,-0.0696664237380588,0.0696664237380588,2.6834563341034356,True,False
29,-0.37662109371257124,0.16003036853396918,-0.6923629176131663,-0.06087926981197628,-2.3534351458587497,183,0.019662160064596205,0.03333815002477647,-0.21112020435316278,0.21112020435316278,8.132064475691033,True,True
30,-0.4060519665328969,0.15808707467915994,-0.717959648503349,-0.09414428456244467,-2.5685336221002593,183,0.011010666883027159,0.003907277204450832,-0.024743579390429756,0.024743579390429756,0.953089182434472,True,False
31,-0.3986862349132883,0.1584219609676217,-0.7112546515210901,-0.08611781830548648,-2.516609644762394,183,0.012708403218234073,0.011273008824059405,-0.0713884821095854,0.0713884821095854,2.749787691403242,True,False
32,-0.41807035183164915,0.16099160583793068,-0.7357087083862301,-0.10043199527706814,-2.596845653260445,183,0.010173213675337451,-0.008111108094301434,0.051365141650837394,0.051365141650837394,-1.9785157227722008,True,False
33,-0.411129225475399,0.15809712702490472,-0.7230567408437807,-0.09920171010701728,-2.6004851145121357,183,0.010069814626713894,-0.0011699817380512734,0.007409132883596758,0.007409132883596758,-0.28538976884269407,True,False
34,-0.422289362069823,0.16070102028911168,-0.7393543898742188,-0.10522433426542721,-2.6277951522031207,183,0.009323549678518542,-0.01233011833247527,0.07808283003454725,0.07808283003454725,-3.0076449112524264,True,False
35,-0.40499278823577106,0.162213637177866,-0.72504222718471,-0.08494334928683211,-2.4966630135523045,183,0.013420332698251262,0.00496645550157665,-0.03145102831514365,0.03145102831514365,1.2114510350591225,True,False
36,-0.41023847966759464,0.15892774284413938,-0.723804809944224,-0.09667214939096525,-2.5812892848413256,183,0.010626002461158591,-0.00027923593024692384,0.001768314876880195,0.001768314876880195,-0.06811309526803216,True,False
37,-0.4003326846754297,0.15948830332969965,-0.715005007469222,-0.08566036188163734,-2.5101068624941627,183,0.012936706432521324,0.009626559061918005,-0.0609620244332543,0.0609620244332543,2.3481746561337546,True,False
39,-0.4117190886554676,0.15780329533846596,-0.723066870605462,-0.10037130670547312,-2.609065214844771,183,0.009829774334459494,-0.0017598449181198683,0.01114455416593959,0.01114455416593959,-0.42927313995323985,True,False
40,-0.3988173390237814,0.15796162535316785,-0.7104775079793059,-0.08715717006825696,-2.524773584293733,183,0.012426873371413436,0.011141904713566297,-0.07055824028218123,0.07055824028218123,2.717807900120111,True,False
41,-0.4160415987491251,0.1571741378730245,-0.7261480455233089,-0.1059351519749413,-2.6470105348071358,183,0.00882869400522133,-0.006082355011777396,0.03851767515835749,0.03851767515835749,-1.4836487052537919,True,False
42,-0.3963101257284761,0.15778405370637213,-0.7076199437090829,-0.08500030774786937,-2.51172483162328,183,0.012879562603064908,0.013649118008871586,-0.08643564748289373,0.08643564748289373,3.3293841320519872,True,False
43,-0.4076380920530397,0.15820430708191358,-0.7197770749509644,-0.09549910915511495,-2.5766560947166663,183,0.01076430671040622,0.0023211516843080204,-0.014699136501623652,0.014699136501623652,0.5661908396423752,True,False
44,-0.403580039217903,0.16476701687054462,-0.7286673267243546,-0.07849275171145131,-2.449398228378382,183,0.015250985621133665,0.006379204519444737,-0.04039753137936221,0.04039753137936221,1.5560582221026242,True,False
46,-0.4036449000118578,0.15776115829639387,-0.7149095450757756,-0.09238025494794,-2.558582254153521,183,0.011319376102030446,0.00631434372548989,-0.03998678800985674,0.03998678800985674,1.5402369435375771,True,False
47,-0.409999640728209,0.15791921084378757,-0.7215761253513516,-0.09842315610506636,-2.5962619654538255,183,0.010189884948225895,-4.039699086128001e-05,0.0002558216625561985,0.0002558216625561985,-0.009853904132763382,True,False
48,-0.41086859751782623,0.15794965336692648,-0.7225051456018486,-0.09923204943380382,-2.6012630528751712,183,0.01004783575981003,-0.0009093537804785168,0.005758656548766696,0.005758656548766696,-0.22181565469496298,True,False
49,-0.4195980786797765,0.15785237272962077,-0.7310426909072831,-0.10815346645226992,-2.6581677007699454,183,0.008552340745704287,-0.009638834942428787,0.06103976379192072,0.06103976379192072,-2.351169070992868,True,False
50,-0.4116140313065547,0.15781953007174657,-0.7229938445787508,-0.10023421803435861,-2.6081311427009717,183,0.009855654628905095,-0.0016547875692070058,0.010479258432529026,0.010479258432529026,-0.40364684892120484,True,False
51,-0.4134193563652307,0.15810132885801437,-0.7253551620004031,-0.10148355073005827,-2.6149012114661545,183,0.009669454493722964,-0.003460112627882983,0.02191182427761339,0.02191182427761339,-0.8440138088701824,True,False
52,-0.40910760152047015,0.15791398156600692,-0.7206737687162441,-0.09754143432469625,-2.59069904680648,183,0.010350007607334058,0.0008516422168775573,-0.005393187046352193,0.005393187046352193,0.20773826420247438,True,False
53,-0.4167230613781589,0.15807942965247582,-0.7286156596198718,-0.10483046313644595,-2.6361624804333434,183,0.009105076555648626,-0.006763817640811187,0.04283316745153317,0.04283316745153317,-1.6498756264524244,True,False
54,-0.41018083721514803,0.15802059389024573,-0.7219573517969451,-0.09840432263335097,-2.595742916268508,183,0.010204730608972206,-0.00022159347780031924,0.0014032830340544704,0.0014032830340544704,-0.054052562830438224,True,False
55,-0.41013159744770944,0.15781022419358998,-0.7214930501114218,-0.09877014478399704,-2.5988911652808384,183,0.010114982890312254,-0.00017235371036172786,0.0010914627993920247,0.0010914627993920247,-0.042041669506091506,True,False
56,-0.413793780110624,0.15835303680216908,-0.7262262085187472,-0.10136135170250077,-2.61310921765004,183,0.009718430292831058,-0.0038345363732762983,0.0242829341797335,0.0242829341797335,-0.9353457524994864,True,False
57,-0.3952330272996573,0.1580282042244342,-0.7070245571614864,-0.08344149743782825,-2.501028403375014,183,0.013261555443018642,0.014726216437690398,-0.09325657906523106,0.09325657906523106,3.5921171830254366,True,False
58,-0.4161156706992132,0.1578843974028659,-0.7276234679886107,-0.10460787340981575,-2.6355718332156104,183,0.009120346008902467,-0.006156426961865469,0.0389867499338867,0.0389867499338867,-1.5017168306149384,True,False
59,-0.4089258720352138,0.15798678269384725,-0.7206356767236517,-0.09721606734677585,-2.5883549564247144,183,0.010418153149478502,0.0010333717021339117,-0.006544023731525274,0.006544023731525274,0.2520669354136996,True,False
60,-0.41146347655112764,0.15774356795235348,-0.7226934156566625,-0.10023353744559282,-2.6084326726742377,183,0.009847293468988137,-0.0015042328137799266,0.009525841679995274,0.009525841679995274,-0.3669225262654785,True,False
61,-0.4087563306603009,0.15791336396435207,-0.720321279320651,-0.09719138199995087,-2.5884847260462074,183,0.01041437009110325,0.0012029130770467855,-0.007617676879385031,0.007617676879385031,0.29342260125191044,True,False
62,-0.4156104223218723,0.15837733481885038,-0.7280907910064218,-0.10313005363732275,-2.62417866039507,183,0.009419428180886365,-0.005651178584524574,0.03578716805564693,0.03578716805564693,-1.3784732679781129,True,False
63,-0.40998501402786164,0.15792395870280654,-0.7215708662334201,-0.09839916182230318,-2.5960912922617587,183,0.010194764341858805,-2.5770290513926764e-05,0.00016319528814577857,0.00016319528814577857,-0.006286061579925552,True,False
64,-0.4209288757682944,0.1577549872077518,-0.7321813452007921,-0.10967640633579673,-2.6682444924163433,183,0.008309474897759794,-0.010969632030946697,0.06946729060644674,0.06946729060644674,-2.675785995442686,True,False
65,-0.4081054940903007,0.15780226894767932,-0.7194512509590436,-0.09675973722155784,-2.58618267539367,183,0.010481663022725674,0.0018537496470469872,-0.011739223802559734,0.011739223802559734,0.45217900934431565,True,False
66,-0.404984928237222,0.15794326509124548,-0.7166088721772086,-0.09336098429723533,-2.5641164756424275,183,0.011146751590192763,0.0049743155001257255,-0.03150080325762436,0.03150080325762436,1.2133682984625334,True,False
67,-0.41341600274589707,0.15847203492114514,-0.7260832158606385,-0.10074878963115569,-2.608763135726822,183,0.009838137339448506,-0.0034567590085493594,0.021890586842467436,0.021890586842467436,-0.8431957716177348,True,False
68,-0.40964260653577506,0.15843325500443964,-0.7222333064127886,-0.09705190665876151,-2.58558474055397,183,0.010499205379326547,0.00031663720157265596,-0.0020051655731392354,0.0020051655731392354,0.07723626346025723,True,False
70,-0.41297697350531815,0.157767549815342,-0.7242542291122764,-0.10169971789835991,-2.6176293793538936,183,0.00959531858262839,-0.003017729767970434,0.01911035029907339,0.01911035029907339,-0.7361048236062778,True,False
71,-0.4124552664058828,0.15813755006783153,-0.724462536919605,-0.10044799589216058,-2.6082057438537793,183,0.009853585411289915,-0.002496022668535103,0.01580654041869832,0.01580654041869832,-0.6088465394219168,True,False
72,-0.396888696842652,0.1600677232357777,-0.7127042220150014,-0.08107317167030259,-2.4795048546922858,183,0.014060941847381313,0.013070546894695723,-0.08277173536518874,0.08277173536518874,3.1882551971604642,True,False
73,-0.4142626424224611,0.15939065885882991,-0.7287423115117806,-0.09978297333314157,-2.599039651309602,183,0.010110767523458278,-0.004303398685113369,0.027252094346538597,0.027252094346538597,-1.0497137827365264,True,False
74,-0.4120445521389186,0.15784295907835372,-0.7234705911203103,-0.10061851315752685,-2.610471537944106,183,0.009790924553646519,-0.0020853084015708956,0.01320561385535269,0.01320561385535269,-0.5086623691078201,True,False
75,-0.3941056244148283,0.1572909521332476,-0.7044425471162897,-0.08376870171336692,-2.5055835638973396,183,0.013097663021572715,0.015853619322519386,-0.10039607322602132,0.10039607322602132,3.8671208332788485,True,False
76,-0.4176773406242759,0.15819114074145188,-0.729790346175591,-0.10556433507296076,-2.6403333250306926,183,0.008997904894461674,-0.007718096886928205,0.048876323094557125,0.048876323094557125,-1.8826498011282868,True,False
77,-0.4118725824132423,0.15760558572708022,-0.7228302809442365,-0.10091488388224812,-2.6133120886112935,183,0.009712874592926914,-0.0019133386758946047,0.012116582712342248,0.012116582712342248,-0.46671436371378433,True,False
78,-0.40980168667459377,0.15787075403509782,-0.7212825654368222,-0.0983208079123653,-2.595804961972163,183,0.010202954978771437,0.00015755706275394354,-0.0009977602014861558,0.0009977602014861558,0.03843237228110584,True,False
79,-0.45683849598850995,0.15897487720865197,-0.7704978229279349,-0.14317916904908506,-2.87365213931832,183,0.004537765784506865,-0.04687925225116224,0.2968718212568305,0.2968718212568305,-11.435100675811764,True,True
80,-0.4043192981290723,0.15941926017744082,-0.7188553979607997,-0.08978319829734493,-2.536201069300201,183,0.012042155770033033,0.00563994560827541,-0.03571603308746617,0.03571603308746617,1.3757332453000632,True,False
81,-0.4088227631796467,0.15780858865123432,-0.7201809888988038,-0.09746453746048972,-2.5906242915787527,183,0.010352174643655301,0.0011364805577009918,-0.007196980258560059,0.007196980258560059,0.2772179369198737,True,False
82,-0.4101785064596978,0.1579275928955131,-0.7217715289707682,-0.09858548394862737,-2.5972567487372333,183,0.010161486677270517,-0.0002192627223500665,0.0013885230798701827,0.0013885230798701827,-0.05348402937598927,True,False
83,-0.40755102747020383,0.15778929716457707,-0.7188711908563254,-0.09623086408408221,-2.582881315740451,183,0.010578848214250092,0.002408216267143881,-0.015250489606297104,0.015250489606297104,0.5874282148609814,True,False
84,-0.40931705562550247,0.15835165421468522,-0.7217467561720463,-0.09688735507895863,-2.5848612548787835,183,0.0105204663798894,0.0006421881118452433,-0.004066778909602936,0.004066778909602936,0.1566468183497479,True,False
85,-0.4099265948136804,0.15794600285982477,-0.7215559404036949,-0.0982972492236659,-2.595359093559876,183,0.010215721051999012,3.2648923667333296e-05,-0.00020675554676655863,0.00020675554676655863,0.007963943773945192,True,False
86,-0.4066422905404621,0.15859663548784186,-0.7195553420579284,-0.09372923902299579,-2.564003260785665,183,0.011150259256880958,0.0033169531968856303,-0.021005239829922633,0.021005239829922633,0.8090934031995465,True,False
87,-0.4212486234685959,0.15991460509429026,-0.7367620447233676,-0.10573520221382415,-2.634209822299943,183,0.0091556446940465,-0.011289379731248161,0.07149215400705326,0.07149215400705326,-2.753780992551794,True,False
88,-0.4092851683623734,0.15791268744098402,-0.7208487822340575,-0.09772155449068937,-2.591844740248206,183,0.010316846638951504,0.0006740753749743256,-0.004268711095494227,0.004268711095494227,0.16442497279222018,True,False
89,-0.4102637841905231,0.15796949608428754,-0.7219394821923275,-0.09858808618871873,-2.5971076338157038,183,0.010165738958435387,-0.0003045404531754059,0.001928560602805302,0.001928560602805302,-0.07428554370407577,True,False
90,-0.4072135036926031,0.158298374080481,-0.7195380818995222,-0.09488892548568406,-2.5724427433826347,183,0.010891476943032476,0.0027457400447445934,-0.017387923412556773,0.017387923412556773,0.669759271607919,True,False
91,-0.42102843654511257,0.158230883175476,-0.7332198543922936,-0.10883701869793144,-2.660848679446461,183,0.008487108095539726,-0.01106919280776486,0.07009777824693637,0.07009777824693637,-2.7000715258555457,True,False
92,-0.4099408976403233,0.15791753894192095,-0.7215140835811622,-0.09836771169948444,-2.595917466717182,183,0.010199736013913682,1.834609702439094e-05,-0.00011618016446604964,0.00011618016446604964,0.004475102660728123,True,False
93,-0.4250078031009162,0.1598450257702539,-0.7403839435203172,-0.10963166268151514,-2.658874125440614,183,0.008535108553983874,-0.01504855936356847,0.09529787722762456,0.09529787722762456,-3.670745224910642,True,False
94,-0.4097083433705803,0.15837309889211662,-0.7221803545212124,-0.09723633221994815,-2.5869819195094026,183,0.010458255662673333,0.0002509003667673926,-0.0015888745075791162,0.0015888745075791162,0.06120129515316873,True,False
95,-0.4188815596443086,0.1591205328256875,-0.7328282668516506,-0.1049348524369666,-2.6324796191022233,183,0.009200662941645642,-0.00892231590696091,0.056502270107403545,0.056502270107403545,-2.1763909567257493,True,False
96,-0.4185246872486984,0.16401787087625494,-0.7421339007822426,-0.09491547371515419,-2.5517017445279415,183,0.011537329149653783,-0.00856544351135069,0.054242307481005905,0.054242307481005905,-2.089340255695854,True,False
97,-0.38970278905842154,0.16290070426941397,-0.7111078195654802,-0.06829775855136289,-2.39227197209602,183,0.017757008036222106,0.020256454678926172,-0.1282778692911035,0.1282778692911035,4.941089873778783,True,False
98,-0.4042083080351112,0.15834960024650457,-0.7166339560779613,-0.0917826599922611,-2.5526323237057476,183,0.011507633386705449,0.005750935702236504,-0.03641889906235765,0.03641889906235765,1.4028066911746495,True,False
99,-0.40148265761261664,0.1617327118947614,-0.7205832252477017,-0.0823820899775316,-2.4823837608922257,183,0.013951592188583445,0.008476586124731067,-0.053679601103852975,0.053679601103852975,2.0676655677904017,True,False
100,-0.40884981790603214,0.15779508794295455,-0.7201814065668903,-0.09751822924517389,-2.5910173962692546,183,0.010340783714265153,0.0011094258313155692,-0.007025651034863952,0.007025651034863952,0.2706185671535571,True,False
101,-0.4098880621344597,0.15792681179362963,-0.7214795435222071,-0.09829658074671233,-2.595430487573444,183,0.010213675940089437,7.118160288799302e-05,-0.0004507710996780041,0.0004507710996780041,0.017363092545267154,True,False
102,-0.42053040294091854,0.15856260742572334,-0.733376316686376,-0.10768448919546098,-2.6521410676089614,183,0.008700631391773187,-0.010571159203570824,0.06694388529804614,0.06694388529804614,-2.578587838927604,True,False
103,-0.4129171581704522,0.157748314004761,-0.7241564612939368,-0.10167785504696752,-2.617569390681348,183,0.00959694322035048,-0.0029579144331045026,0.01873155826319368,0.01873155826319368,-0.7215142671595853,True,False
104,-0.4159706531128604,0.16062159275115112,-0.7328789694384703,-0.09906233678725052,-2.589755499170763,183,0.010377389441213634,-0.0060114093755127,0.038068398362403416,0.038068398362403416,-1.4663431712651132,True,False
105,-0.3860553832963772,0.1520675500211719,-0.686086471393184,-0.08602429519957033,-2.5387098249602094,183,0.011959134509196721,0.023903860440970537,-0.15137576312352746,0.15137576312352746,5.830789476303464,True,True
106,-0.4098095992968089,0.15854058517815428,-0.7226120628854147,-0.09700713570820307,-2.5848876414597566,183,0.010519690282154305,0.00014964444053883197,-0.0009476520095864184,0.0009476520095864184,0.03650227256119782,True,False
107,-0.4185313134237364,0.15769890978958648,-0.729673141442024,-0.10738948540544879,-2.653989897470894,183,0.008654894802870811,-0.008572069686388684,0.0542842690003782,0.0542842690003782,-2.090956556618255,True,False
108,-0.4132211697915379,0.1575570867803791,-0.7240831793228194,-0.10235916026025638,-2.6226758709212,183,0.009459529443194609,-0.0032619260541901784,0.02065676993575632,0.02065676993575632,-0.7956708146042015,True,False
109,-0.4102248770999757,0.1578930741835166,-0.721749793780982,-0.09869996041896939,-2.598118246929424,183,0.010136950745158923,-0.00026563336262797055,0.0016821740186350055,0.0016821740186350055,-0.06479506601835676,True,False
110,-0.4077861141115487,0.1580570523608353,-0.7196345616902264,-0.09593766653287089,-2.57999316082775,183,0.010664531339624807,0.0021731296257990196,-0.013761758536200522,0.013761758536200522,0.5300843093542484,True,False
111,-0.40557525602464156,0.160610397090903,-0.7224614831791841,-0.088689028870099,-2.5252117133804997,183,0.012411923354809147,0.00438398771270615,-0.02776243976046727,0.02776243976046727,1.0693715972202542,True,False
112,-0.411726206204549,0.1598484193876735,-0.7271090422715543,-0.09634337013754363,-2.575728979878163,183,0.010792174755221507,-0.0017669624672012607,0.011189627405319714,0.011189627405319714,-0.4310093001179689,True,False
113,-0.4058862519091554,0.15803036425899541,-0.7176820435449108,-0.09409046027339996,-2.5684067350749746,183,0.011014555199250061,0.004072991828192318,-0.02579299890538812,0.02579299890538812,0.9935114015386853,True,False
114,-0.42618623223871366,0.15384256473404465,-0.7297194455135543,-0.1226530189638731,-2.7702751379339206,183,0.0061787307224843244,-0.016226988501365947,0.10276050488400704,0.10276050488400704,-3.9581955399845157,True,False
115,-0.4225613542817987,0.1734872371403098,-0.7648537402830786,-0.08026896828051877,-2.4356913006807948,183,0.015821807161674552,-0.012602110544450984,0.07980527268154791,0.07980527268154791,-3.073991070323296,True,False
116,-0.4105405261638892,0.15786046485600122,-0.7220011042531631,-0.09907994807461523,-2.600654486469302,183,0.010065025737366952,-0.0005812824265414851,0.0036810820212620212,0.0036810820212620212,-0.14179029633343274,True,False
117,-0.4170598360790545,0.15747856211457767,-0.727766915509078,-0.10635275664903104,-2.6483594368585335,183,0.008794860740181808,-0.007100592341706791,0.04496585758644511,0.04496585758644511,-1.7320239634006134,True,False
119,-0.40791617368983263,0.15799406050671042,-0.7196403375897658,-0.09619200978989956,-2.581844990764747,183,0.01060952168063752,0.002043070047515083,-0.012938131408570936,0.012938131408570936,0.49835930735203404,True,False
120,-0.4077058048403369,0.15878380922219132,-0.7209881523658745,-0.09442345731479929,-2.567678699972621,183,0.011036888835538548,0.0022534388970107955,-0.01427033233939845,0.01427033233939845,0.5496738837908791,True,False
121,-0.40696327240209484,0.15801518599940753,-0.7187291171508323,-0.09519742765335731,-2.575469375479017,183,0.01079998975560533,0.002995971335252867,-0.01897256086689664,0.01897256086689664,0.7307973612060625,True,False
122,-0.4103406369519763,0.1579584837024392,-0.72199460739318,-0.09868666651077268,-2.5977752339340783,183,0.010146713560666982,-0.0003813932146286003,0.0024152453975838047,0.0024152453975838047,-0.09303198316780752,True,False
123,-0.40996022233560414,0.15791472039229804,-0.7215278472444536,-0.09839259742675466,-2.5960861743424846,183,0.010194910690965432,-9.785982564292084e-07,6.197160422022204e-06,6.197160422022204e-06,-0.00023870623028472942,True,False
124,-0.4110570243532168,0.15881183097747384,-0.7243946591358097,-0.09771938957062382,-2.5883274679423716,183,0.010418954654963761,-0.0010977806158690706,0.006951905483206939,0.006951905483206939,-0.26777798833398075,True,False
125,-0.4091150645610203,0.1578842185859689,-0.7206225090425493,-0.09760762007949131,-2.591234692264412,183,0.010334491991723333,0.0008441791763273976,-0.005345925916239253,0.005345925916239253,0.20591782944849157,True,False
126,-0.4100210170151487,0.1579107007377419,-0.7215807110976642,-0.09846132293263321,-2.5965372523810886,183,0.010182019158690221,-6.177327780099162e-05,0.00039119108358495335,0.00039119108358495335,-0.015068150979556511,True,False
127,-0.41642034330687866,0.15731968975434224,-0.7268139656771724,-0.106026720936585,-2.6469690091375537,183,0.008829737412787596,-0.006461099569530948,0.040916147430248774,0.040916147430248774,-1.5760346103259082,True,False
128,-0.4250583814277973,0.15802415053276392,-0.7368419133076606,-0.11327484954793399,-2.6898317756795525,183,0.007810007325512518,-0.015099137690449571,0.09561817414569121,0.09561817414569121,-3.6830826286047285,True,False
129,-0.4055795430180654,0.15816719769999296,-0.7176453086632977,-0.09351377737283323,-2.5642456142351158,183,0.011142751774552135,0.004379700719282287,-0.027735291555571855,0.027735291555571855,1.0683258851185387,True,False
130,-0.40665683467603503,0.1576285472569349,-0.7176598365790221,-0.0956538327730479,-2.579842558678051,183,0.010669016285850963,0.0033024090613126833,-0.020913136312720307,0.020913136312720307,0.8055457003985663,True,False
131,-0.4425006816306506,0.1562509445558976,-0.7507856569901722,-0.134215706271129,-2.831987242626551,183,0.005144191802589437,-0.03254143789330288,0.2060748725671356,0.2060748725671356,-7.937725125220374,True,True
132,-0.408532486592842,0.15789813042391854,-0.7200673792964071,-0.09699759388927698,-2.5873168067033503,183,0.01044846181113002,0.001426757144505686,-0.009035212202432192,0.009035212202432192,0.3480241429608499,True,False
133,-0.4159943267248168,0.15913834904600174,-0.7299761855471214,-0.10201246790251212,-2.614041990623934,183,0.009692909542611287,-0.006035082987469076,0.038218316033008806,0.038218316033008806,-1.4721177969914558,True,False
134,-0.4108350512081402,0.15861284603178724,-0.7237800863219614,-0.09789001609431891,-2.590175143353809,183,0.010365203316129655,-0.0008758074707924668,0.005546218133589193,0.005546218133589193,-0.2136328145227964,True,False
135,-0.41100806513233873,0.15913121990090834,-0.7249758580664294,-0.09704027219824807,-2.5828248246213104,183,0.010580518204351772,-0.0010488213949910175,0.006641861863238092,0.006641861863238092,-0.2558355278026065,True,False
136,-0.4103349304184779,0.15798389655923975,-0.7220390407289465,-0.09863082010800922,-2.597321241944512,183,0.010159648031705507,-0.000375686681130194,0.002379107683960333,0.002379107683960333,-0.0916400073590946,True,False
137,-0.4036148652266152,0.1581178341553573,-0.715583236010108,-0.0916464944431224,-2.552620755164449,183,0.011508002130856454,0.006344378510732496,-0.04017698902561225,0.04017698902561225,1.5475632291870471,True,False
138,-0.40579951105343515,0.15828979364327145,-0.7181071599555027,-0.09349186215136757,-2.5636492518776164,183,0.011161233676912364,0.004159732683912565,-0.02634230194625322,0.02634230194625322,1.0146698110745902,True,False
139,-0.4094510904478291,0.15796945244362773,-0.7211267023460917,-0.09777547854956653,-2.5919637253534447,183,0.010313408202612855,0.000508153289518587,-0.003217977789594379,0.003217977789594379,0.12395214823943575,True,False
140,-0.4127664952268427,0.15745708847446946,-0.7234312069090714,-0.10210178354461408,-2.6214538781705587,183,0.009492250869752247,-0.0028072514894950107,0.017777456388325227,0.017777456388325227,-0.6847635545189847,True,False
141,-0.41995442396926314,0.15909439562367725,-0.7338495621656107,-0.10605928577291557,-2.6396556731176477,183,0.009015239816154383,-0.009995180231915424,0.06329638841808607,0.06329638841808607,-2.438091196772508,True,False
142,-0.4081960623859303,0.15903111274268908,-0.7219663427040643,-0.09442578206779634,-2.5667685734324697,183,0.011064865462282605,0.0017631813514173977,-0.011165682767228551,0.011165682767228551,0.4300869850728457,True,False
143,-0.43922789511577054,0.16494954404962123,-0.764675310921376,-0.11378047931016516,-2.662801510888924,183,0.008439875209553882,-0.029268651378422827,0.18534932668914758,0.18534932668914758,-7.139405154424238,True,True
144,-0.4090856856573282,0.1580235772337145,-0.7208680864113362,-0.09730328490332035,-2.588763606156673,183,0.010406244316772307,0.0008735580800194875,-0.005531973436768626,0.005531973436768626,0.2130841280844878,True,False
145,-0.4093144857333818,0.15807409459217975,-0.7211965578375626,-0.09743241362920096,-2.589383711413214,183,0.010388196591398785,0.0006447580039659062,-0.004083053242440142,0.004083053242440142,0.15727368361987445,True,False
146,-0.4021946290606643,0.1577379659263905,-0.7134135153022252,-0.09097574281910331,-2.549764266951123,183,0.01159937617056019,0.0077646146766834345,-0.04917090588550031,0.04917090588550031,1.8939967314551054,True,False
147,-0.41381865356267866,0.15841754489190862,-0.7263783572004805,-0.10125894992487688,-2.6122021638767046,183,0.00974330525523538,-0.0038594098253309506,0.024440450066993115,0.024440450066993115,-0.941413051245551,True,False
148,-0.40815382687762713,0.15858027707024913,-0.7210346030422703,-0.09527305071298403,-2.5737994309142236,183,0.010850382289581887,0.0018054168597205766,-0.011433147192738066,0.011433147192738066,0.4403893526736207,True,False
149,-0.40830847692397787,0.15794059809549896,-0.719927158849579,-0.09668979499837671,-2.585202803126614,183,0.010510424529127317,0.0016507668133698417,-0.010453796228016616,0.010453796228016616,0.40266607927188325,True,False
150,-0.3998259442118473,0.1589672281445691,-0.7134701794566971,-0.0861817089669975,-2.5151469826739055,183,0.012759439427062652,0.010133299525500405,-0.0641710552326845,0.0641710552326845,2.471782178423716,True,False
151,-0.40958572310238067,0.15782225215608517,-0.7209709070794108,-0.09820053912535048,-2.5952343063594294,183,0.01021929651709604,0.00037352063496703947,-0.0023653907828046386,0.0023653907828046386,0.09111165089531346,True,False
152,-0.41679985559007215,0.15898442832940268,-0.7304780270045411,-0.10312168417560319,-2.621639489915937,183,0.009487274178653943,-0.006840611852724443,0.043319481470164005,0.043319481470164005,-1.6686077841208722,True,False
153,-0.42190008193598966,0.157264147201642,-0.7321841181880089,-0.11161604568397043,-2.6827480353486735,183,0.0079708327181872,-0.011940838198641945,0.07561763921428759,0.07561763921428759,-2.9126890980148725,True,False
154,-0.39318208232610086,0.157785682108423,-0.7044951131633566,-0.0818690514888451,-2.4918742757402055,183,0.013596454074155438,0.016777161411246855,-0.10624457994747961,0.10624457994747961,4.092397394994618,True,False
155,-0.40967296342268494,0.15793399745572523,-0.721278622207365,-0.09806730463800484,-2.5939504477972295,183,0.010256147545079586,0.00028628031466276793,-0.0018129247870374763,0.0018129247870374763,0.06983140861831176,True,False
156,-0.40159017117328855,0.16144909979027125,-0.7201311687469386,-0.08304917359963848,-2.4874104079550152,183,0.01376247811342863,0.008369072564059166,-0.05299875094021406,0.05299875094021406,2.041440141162192,True,False
157,-0.4039519356001186,0.15858866581255326,-0.7168492628532808,-0.09105460834695644,-2.5471677533221504,183,0.01168299661441132,0.006007308137229106,-0.038042426487422655,0.038042426487422655,1.465342769799298,True,False
158,-0.3972838472445451,0.15756575719324262,-0.7081629636037154,-0.08640473088537476,-2.5213844322615486,183,0.012543063671906031,0.012675396492802637,-0.08026936995091402,0.08026936995091402,3.0918674688851504,True,False
159,-0.4092742187744096,0.15787865028420853,-0.7207706769302183,-0.09777776061860088,-2.5923341632174215,183,0.010302709857504788,0.0006850249629380967,-0.004338051453215824,0.004338051453215824,0.16709586950476907,True,False
160,-0.408583353666293,0.1586542294613457,-0.7216100387797222,-0.09555666855286382,-2.575307037533719,183,0.010804879272636682,0.0013758900710547084,-0.008713086741546193,0.008713086741546193,0.33561630627268213,True,False
161,-0.4073138401555595,0.15815371897434632,-0.71935301211449,-0.09527466819662894,-2.575430048670741,183,0.010801174072342618,0.0026454035817882193,-0.01675252359140052,0.01675252359140052,0.6452845306454594,True,False
162,-0.41151002274207543,0.15795263164146225,-0.7231524469972435,-0.0998675984869074,-2.605274875547277,183,0.009935173281772836,-0.0015507790047277203,0.009820604326916485,0.009820604326916485,-0.3782763844010972,True,False
163,-0.38098154064682316,0.15646173025522442,-0.6896823987026561,-0.07228068259099019,-2.4349822798543532,183,0.015851842878793543,0.028977703090524554,-0.1835068410697705,0.1835068410697705,7.068435102561063,True,True
164,-0.39918586864227457,0.15768360854036778,-0.7102975071135373,-0.08807423017101185,-2.5315622361602728,183,0.012197024551688722,0.010773375095073146,-0.06822445606474133,0.06822445606474133,2.6279136913364542,True,False
165,-0.4009993868340633,0.15828306389360253,-0.7132937578598482,-0.08870501580827833,-2.533432048697352,183,0.012134387526153763,0.008959856903284436,-0.05674000563890586,0.05674000563890586,2.185548207573733,True,False
166,-0.3944285786051392,0.15803497530732044,-0.7062334678941811,-0.08262368931609726,-2.495830925009602,183,0.013450788770791521,0.015530665132208521,-0.09835090411482385,0.09835090411482385,3.788343687685865,True,False
167,-0.4165465511078583,0.15887787049241128,-0.7300144826402925,-0.10307861957542419,-2.6218034633574376,183,0.009482879613729057,-0.006587307370510609,0.04171538244220916,0.04171538244220916,-1.606820061052449,True,False
168,-0.4182718201494823,0.1584544068695461,-0.7309042529083781,-0.10563938739058643,-2.639698247672223,183,0.009014149837756391,-0.008312576412134565,0.05264097826444696,0.05264097826444696,-2.0276592220128737,True,False
169,-0.41038455331717366,0.1580398558913225,-0.7221990720566045,-0.09857003457774288,-2.596715562682987,183,0.010176927196687289,-0.00042530957982594986,0.0026933541705067778,0.0026933541705067778,-0.10374435662156621,True,False
170,-0.4134700510938253,0.15826663847406813,-0.7257320145711579,-0.10120808761649275,-2.6124902574560718,183,0.009735398409538628,-0.0035108073564775744,0.02223285833176949,0.02223285833176949,-0.8563796060485649,True,False
171,-0.3891208185212417,0.15262105816492086,-0.6902439847807882,-0.0879976522616952,-2.5495880005022733,183,0.011605035827218764,0.020838425216106016,-0.13196330890444785,0.13196330890444785,5.083048018660303,True,False
172,-0.40591525318937177,0.15778492201033623,-0.7172267843440456,-0.09460372203469791,-2.5725858213675257,183,0.010887136480071702,0.00404399054797594,-0.02560934275766442,0.02560934275766442,0.9864372153459332,True,False
173,-0.4088791005471354,0.157765017154941,-0.7201513591849455,-0.09760684190932528,-2.5916968661409596,183,0.010321121344354223,0.0010801431902123237,-0.006840213115569599,0.006840213115569599,0.2634757495319093,True,False
174,-0.41106058811316765,0.15772719180819847,-0.7222582168911607,-0.09986295933517458,-2.6061491579272587,183,0.009910772226207173,-0.0011013443758199348,0.006974473673959362,0.006974473673959362,-0.26864728449092934,True,False
175,-0.40776113336111236,0.1579746930752625,-0.7194470850880332,-0.09607518163419154,-2.581180095515972,183,0.01062924342717466,0.0021981103762353515,-0.013919953910961696,0.013919953910961696,0.5361777810390427,True,False
176,-0.4124484057376897,0.15795965383603094,-0.7241046848664121,-0.10079212660896725,-2.6110997062948065,183,0.009773615971383981,-0.0024891620003419934,0.015763093926620862,0.015763093926620862,-0.6071730393611389,True,False
177,-0.41190205682320435,0.15799431257042246,-0.7236267180478446,-0.10017739559856403,-2.6070688882525954,183,0.009885160838076428,-0.0019428130858566428,0.012303235044572735,0.012303235044572735,-0.4739039588777665,True,False
178,-0.4094612045839409,0.15786027927914734,-0.720921416527871,-0.09800099264001089,-2.593820348308664,183,0.010259888481489763,0.0004980391534067929,-0.003153928090340199,0.003153928090340199,0.12148504052902298,True,False
179,-0.40985936114991145,0.15848898988229745,-0.7225600266050269,-0.09715869569479596,-2.5860431153879855,183,0.010485755114282885,9.988258743626188e-05,-0.000632525567711301,0.000632525567711301,0.02436402861067198,True,False
180,-0.40678322658941574,0.1580243793049454,-0.7185672098395189,-0.09499924333931253,-2.5741801890228047,183,0.010838873959119106,0.0031760171479319754,-0.020112735373805247,0.020112735373805247,0.7747153397440607,True,False
181,-0.4039633559740846,0.15788260398361514,-0.7154676148259315,-0.09245909712223777,-2.5586311967340456,183,0.011317839045804117,0.005995887763263097,-0.03797010478739726,0.03797010478739726,1.4625570358170863,True,False
182,-0.41484515584155784,0.15838988090506692,-0.7273502781037009,-0.10234003357941479,-2.619139262376242,183,0.009554508650477805,-0.004885912104210133,0.030940971863340553,0.030940971863340553,-1.1918043510053,True,False
183,-0.4039161554948956,0.15810300086562892,-0.7158552600210137,-0.09197705096877751,-2.554765901237904,183,0.011439806679119036,0.006043088242452088,-0.03826901083960896,0.03826901083960896,1.4740704923155161,True,False
184,-0.47487783776871756,0.15377680070427294,-0.7782812978292314,-0.17147437770820373,-3.088098045959167,183,0.002328200325949852,-0.06491859403136985,0.41110939953287684,0.41110939953287684,-15.835377546203551,True,True
185,-0.4106509600195823,0.15723574618583394,-0.7208789607290104,-0.10042295931015421,-2.611689580651983,183,0.009757387578797109,-0.0006917162822345779,0.004380425511050933,0.004380425511050933,-0.16872806085029907,True,False
186,-0.4193016691621076,0.16272312146547732,-0.7403563266810765,-0.09824701164313865,-2.5767799031010163,183,0.010760590053575972,-0.009342425424759881,0.059162693891642075,0.059162693891642075,-2.278866879446528,True,False
187,-0.41500876839203793,0.1583878547502685,-0.7275098930266217,-0.10250764375745408,-2.6202057540736683,183,0.009525777042532683,-0.005049524654690218,0.03197707959776573,0.03197707959776573,-1.2317138183436944,True,False
188,-0.40056779488806066,0.16277436558782682,-0.7217235576710057,-0.0794120321051156,-2.4608776292353576,183,0.01478707340799925,0.009391448849287054,-0.05947314409348521,0.05947314409348521,2.2908250009613047,True,False
189,-0.4030167740897105,0.1586932873859999,-0.7161205209538628,-0.08991302722555822,-2.539595598076098,183,0.011929944402638063,0.006942469647637228,-0.04396451541658779,0.04396451541658779,1.6934536185468043,True,False
190,-0.4044814934881649,0.1581425785168013,-0.7164986851916191,-0.09246430178471071,-2.5577013937786033,183,0.011347071746307981,0.005477750249182789,-0.03468889998825941,0.03468889998825941,1.3361694687612091,True,False
191,-0.40227830731491476,0.15868306873416946,-0.7153618926572489,-0.08919472197258055,-2.5351054181389903,183,0.012078575033884893,0.007680936422432949,-0.04864099735355871,0.04864099735355871,1.8735853721483504,True,False
192,-0.4113163984186487,0.15798459189528852,-0.7230218806354266,-0.09961091620187079,-2.6035222389995307,183,0.009984251599906896,-0.0013571546813009872,0.008594441306496493,0.008594441306496493,-0.33104624472633865,True,False
193,-0.4157073673419345,0.15799333242233632,-0.7274300947227222,-0.10398463996114671,-2.6311703219898908,183,0.00923486189830845,-0.005748123604586763,0.0364010909167337,0.0364010909167337,-1.4021207455123188,True,False
194,-0.41460558948317167,0.15775941682515077,-0.725866798603577,-0.10334438036276639,-2.628087741619195,183,0.009315831222038298,-0.004646345745823954,0.029423872129220794,0.029423872129220794,-1.1333677229634003,True,False
195,-0.40996748098491115,0.15793139064562314,-0.7215679965021993,-0.09836696546762297,-2.595858108441679,183,0.010201434248252017,-8.237247563436245e-06,5.2163943938335335e-05,5.2163943938335335e-05,-0.002009284505538233,True,False
196,-0.40958935072866465,0.15792213174559352,-0.7211715983258733,-0.09800710313145594,-2.5936158928534305,183,0.010265769955562165,0.0003698930086830643,-0.002342418146295997,0.002342418146295997,0.09022677603533852,True,False
199,-0.43873388163699295,0.15609971172761225,-0.7467204728243484,-0.13074729044963757,-2.8106002040706266,183,0.0054833585820508275,-0.02877463789964524,0.18222089195251012,0.18222089195251012,-7.018902083369181,True,True
200,-0.41030422929922744,0.15751809983856274,-0.7210893171297706,-0.09951914146868424,-2.604806874382946,183,0.009948257265803825,-0.0003449855618797293,0.002184686980795584,0.002184686980795584,-0.08415118506286305,True,False
